title,runtime,genre(s),director(s),writer(s),actor(s),rating(s),number of rating(s)
The Shawshank Redemption ,2h 22min,Drama,Frank Darabont,Stephen King;Frank Darabont,Tim Robbins;Morgan Freeman;Bob Gunton,9.3,"2,012,386"
The Godfather ,2h 55min,Crime;Drama,Francis Ford Coppola,Mario Puzo;Francis Ford Coppola,Marlon Brando;Al Pacino;James Caan,9.2,"1,378,925"
The Godfather: Part II ,3h 22min,Crime;Drama,Francis Ford Coppola,Francis Ford Coppola;Mario Puzo,Al Pacino;Robert De Niro;Robert Duvall,9.0,"954,747"
The Dark Knight ,2h 32min,Action;Crime;Drama,Christopher Nolan,Jonathan Nolan;Christopher Nolan,Christian Bale;Heath Ledger;Aaron Eckhart,9.0,"1,981,039"
12 Angry Men ,1h 36min,Crime;Drama,Sidney Lumet,Reginald Rose;Reginald Rose,Henry Fonda;Lee J. Cobb;Martin Balsam,8.9,"564,131"
Schindler's List ,3h 15min,Biography;Drama;History,Steven Spielberg,Thomas Keneally;Steven Zaillian,Liam Neeson;Ralph Fiennes;Ben Kingsley,8.9,"1,038,740"
The Lord of the Rings: The Return of the King ,3h 21min,Action;Adventure;Drama,Peter Jackson,J.R.R. Tolkien;Fran Walsh,Elijah Wood;Viggo Mortensen;Ian McKellen,8.9,"1,432,523"
Pulp Fiction ,2h 34min,Crime;Drama,Quentin Tarantino,Quentin Tarantino;Roger Avary,John Travolta;Uma Thurman;Samuel L. Jackson,8.9,"1,570,914"
"Il buono, il brutto, il cattivo ",2h 41min,Western,Sergio Leone,Luciano Vincenzoni;Sergio Leone,Clint Eastwood;Eli Wallach;Lee Van Cleef,8.9,"596,424"
Fight Club ,2h 19min,Drama,David Fincher,Chuck Palahniuk;Jim Uhls,Brad Pitt;Edward Norton;Meat Loaf,8.8,"1,610,205"
The Lord of the Rings: The Fellowship of the Ring ,2h 58min,Adventure;Drama;Fantasy,Peter Jackson,J.R.R. Tolkien;Fran Walsh,Elijah Wood;Ian McKellen;Orlando Bloom,8.8,"1,449,193"
Forrest Gump ,2h 22min,Drama;Romance,Robert Zemeckis,Winston Groom;Eric Roth,Tom Hanks;Robin Wright;Gary Sinise,8.8,"1,532,856"
Star Wars: Episode V - The Empire Strikes Back ,2h 4min,Action;Adventure;Fantasy,Irvin Kershner,Leigh Brackett;Lawrence Kasdan,Mark Hamill;Harrison Ford;Carrie Fisher,8.8,"1,010,660"
Inception ,2h 28min,Action;Adventure;Sci-Fi,Christopher Nolan,Christopher Nolan,Leonardo DiCaprio;Joseph Gordon-Levitt;Ellen Page,8.8,"1,761,048"
The Lord of the Rings: The Two Towers ,2h 59min,Adventure;Drama;Fantasy,Peter Jackson,J.R.R. Tolkien;Fran Walsh,Elijah Wood;Ian McKellen;Viggo Mortensen,8.7,"1,294,942"
One Flew Over the Cuckoo's Nest ,2h 13min,Drama,Milos Forman,Lawrence Hauben;Bo Goldman,Jack Nicholson;Louise Fletcher;Will Sampson,8.7,"799,351"
Goodfellas ,2h 26min,Crime;Drama,Martin Scorsese,Nicholas Pileggi;Nicholas Pileggi,Robert De Niro;Ray Liotta;Joe Pesci,8.7,"867,207"
The Matrix ,2h 16min,Action;Sci-Fi,Lana Wachowski;Lilly Wachowski,Lilly Wachowski;Lana Wachowski,Keanu Reeves;Laurence Fishburne;Carrie-Anne Moss,8.7,"1,443,780"
Shichinin no samurai ,3h 27min,Adventure;Drama,Akira Kurosawa,Akira Kurosawa;Shinobu Hashimoto,Toshirô Mifune;Takashi Shimura;Keiko Tsushima,8.7,"272,444"
Cidade de Deus ,2h 10min,Crime;Drama,Fernando Meirelles;Kátia Lund,Paulo Lins;Bráulio Mantovani,Alexandre Rodrigues;Leandro Firmino;Matheus Nachtergaele,8.6,"621,822"
Se7en ,2h 7min,Crime;Drama;Mystery,David Fincher,Andrew Kevin Walker,Morgan Freeman;Brad Pitt;Kevin Spacey,8.6,"1,230,014"
Star Wars: Episode IV - A New Hope ,2h 1min,Action;Adventure;Fantasy,George Lucas,George Lucas,Mark Hamill;Harrison Ford;Carrie Fisher,8.6,"1,080,902"
The Silence of the Lambs ,1h 58min,Crime;Drama;Thriller,Jonathan Demme,Thomas Harris;Ted Tally,Jodie Foster;Anthony Hopkins;Lawrence A. Bonney,8.6,"1,079,608"
It's a Wonderful Life ,2h 10min,Drama;Family;Fantasy,Frank Capra,Frances Goodrich;Albert Hackett,James Stewart;Donna Reed;Lionel Barrymore,8.6,"337,953"
La vita è bella ,1h 56min,Comedy;Drama;Romance,Roberto Benigni,Vincenzo Cerami;Roberto Benigni,Roberto Benigni;Nicoletta Braschi;Giorgio Cantarini,8.6,"525,814"
The Usual Suspects ,1h 46min,Crime;Mystery;Thriller,Bryan Singer,Christopher McQuarrie,Kevin Spacey;Gabriel Byrne;Chazz Palminteri,8.6,"873,419"
De reis van Chihiro ,2h 5min,Animation;Adventure;Family,Hayao Miyazaki;Kirk Wise,Hayao Miyazaki,Daveigh Chase;Suzanne Pleshette;Miyu Irino,8.6,"529,342"
Saving Private Ryan ,2h 49min,Drama;War,Steven Spielberg,Robert Rodat,Tom Hanks;Matt Damon;Tom Sizemore,8.6,"1,060,601"
Léon ,1h 50min,Crime;Drama;Thriller,Luc Besson,Luc Besson,Jean Reno;Gary Oldman;Natalie Portman,8.6,"882,588"
The Green Mile ,3h 9min,Crime;Drama;Fantasy,Frank Darabont,Stephen King;Frank Darabont,Tom Hanks;Michael Clarke Duncan;David Morse,8.5,"963,252"
Interstellar ,2h 49min,Adventure;Drama;Sci-Fi,Christopher Nolan,Jonathan Nolan;Christopher Nolan,Matthew McConaughey;Anne Hathaway;Jessica Chastain,8.6,"1,223,979"
Psycho ,1h 49min,Horror;Mystery;Thriller,Alfred Hitchcock,Joseph Stefano;Robert Bloch,Anthony Perkins;Janet Leigh;Vera Miles,8.5,"513,273"
American History X ,1h 59min,Crime;Drama,Tony Kaye,David McKenna,Edward Norton;Edward Furlong;Beverly D'Angelo,8.5,"917,720"
City Lights ,1h 27min,Comedy;Drama;Romance,Charles Chaplin,Charles Chaplin,Charles Chaplin;Virginia Cherrill;Florence Lee,8.5,"138,998"
Once Upon a Time in the West ,2h 45min,Western,Sergio Leone,Sergio Donati;Sergio Leone,Henry Fonda;Charles Bronson;Claudia Cardinale,8.5,"260,692"
Casablanca ,1h 42min,Drama;Romance;War,Michael Curtiz,Julius J. Epstein;Philip G. Epstein,Humphrey Bogart;Ingrid Bergman;Paul Henreid,8.5,"458,628"
Modern Times ,1h 27min,Comedy;Drama;Family,Charles Chaplin,Charles Chaplin,Charles Chaplin;Paulette Goddard;Henry Bergman,8.5,"180,662"
The Intouchables ,1h 52min,Biography;Comedy;Drama,Olivier Nakache;Éric Toledano,Olivier Nakache;Philippe Pozzo di Borgo,François Cluzet;Omar Sy;Anne Le Ny,8.5,"640,914"
The Pianist ,2h 30min,Biography;Drama;Music,Roman Polanski,Ronald Harwood;Wladyslaw Szpilman,Adrien Brody;Thomas Kretschmann;Frank Finlay,8.5,"610,954"
The Departed ,2h 31min,Crime;Drama;Thriller,Martin Scorsese,William Monahan;Alan Mak,Leonardo DiCaprio;Matt Damon;Jack Nicholson,8.5,"1,034,610"
Terminator 2: Judgment Day ,2h 17min,Action;Sci-Fi,James Cameron,James Cameron;William Wisher,Arnold Schwarzenegger;Linda Hamilton;Edward Furlong,8.5,"872,824"
Back to the Future ,1h 56min,Adventure;Comedy;Sci-Fi,Robert Zemeckis,Robert Zemeckis;Bob Gale,Michael J. Fox;Christopher Lloyd;Lea Thompson,8.5,"891,256"
Whiplash ,1h 46min,Drama;Music,Damien Chazelle,Damien Chazelle,Miles Teller;J.K. Simmons;Melissa Benoist,8.5,"577,346"
Rear Window ,1h 52min,Mystery;Thriller,Alfred Hitchcock,John Michael Hayes;Cornell Woolrich,James Stewart;Grace Kelly;Wendell Corey,8.5,"382,287"
Indiana Jones and the Raiders of the Lost Ark ,1h 55min,Action;Adventure,Steven Spielberg,Lawrence Kasdan;George Lucas,Harrison Ford;Karen Allen;Paul Freeman,8.5,"779,024"
Gladiator ,2h 35min,Action;Adventure;Drama,Ridley Scott,David Franzoni;David Franzoni,Russell Crowe;Joaquin Phoenix;Connie Nielsen,8.5,"1,163,108"
The Lion King ,1h 28min,Animation;Adventure;Drama,Roger Allers;Rob Minkoff,Irene Mecchi;Jonathan Roberts,Matthew Broderick;Jeremy Irons;James Earl Jones,8.5,"793,002"
The Prestige ,2h 10min,Drama;Mystery;Sci-Fi,Christopher Nolan,Jonathan Nolan;Christopher Nolan,Christian Bale;Hugh Jackman;Scarlett Johansson,8.5,"1,022,921"
Apocalypse Now ,2h 27min,Drama;War,Francis Ford Coppola,John Milius;Francis Ford Coppola,Martin Sheen;Marlon Brando;Robert Duvall,8.5,"527,739"
Memento ,1h 53min,Mystery;Thriller,Christopher Nolan,Christopher Nolan;Jonathan Nolan,Guy Pearce;Carrie-Anne Moss;Joe Pantoliano,8.5,"997,576"
Avengers: Infinity War ,2h 29min,Action;Adventure;Fantasy,Anthony Russo;Joe Russo,Christopher Markus;Stephen McFeely,Robert Downey Jr.;Chris Hemsworth;Mark Ruffalo,8.6,"516,680"
Alien ,1h 56min,Horror;Sci-Fi,Ridley Scott,Dan O'Bannon;Ronald Shusett,Sigourney Weaver;Tom Skerritt;John Hurt,8.5,"686,576"
De dictator ,2h 5min,Comedy;Drama;War,Charles Chaplin,Charles Chaplin,Charles Chaplin;Paulette Goddard;Jack Oakie,8.5,"172,132"
Nuovo Cinema Paradiso ,2h 35min,Drama,Giuseppe Tornatore,Giuseppe Tornatore;Giuseppe Tornatore,Philippe Noiret;Enzo Cannavale;Antonella Attili,8.5,"191,474"
Hotaru no haka ,1h 29min,Animation;Drama;War,Isao Takahata,Akiyuki Nosaka;Isao Takahata,Tsutomu Tatsumi;Ayano Shiraishi;Akemi Yamaguchi,8.5,"184,632"
Sunset Blvd. ,1h 50min,Drama;Film-Noir,Billy Wilder,Charles Brackett;Billy Wilder,William Holden;Gloria Swanson;Erich von Stroheim,8.4,"171,444"
Das Leben der Anderen ,2h 17min,Drama;Thriller,Florian Henckel von Donnersmarck,Florian Henckel von Donnersmarck,Ulrich Mühe;Martina Gedeck;Sebastian Koch,8.4,"310,414"
Dr. Strangelove or: How I Learned to Stop Worrying and Love the Bomb ,1h 35min,Comedy,Stanley Kubrick,Stanley Kubrick;Terry Southern,Peter Sellers;George C. Scott;Sterling Hayden,8.4,"401,753"
Paths of Glory ,1h 28min,Drama;War,Stanley Kubrick,Stanley Kubrick;Calder Willingham,Kirk Douglas;Ralph Meeker;Adolphe Menjou,8.4,"148,920"
The Shining ,2h 26min,Drama;Horror,Stanley Kubrick,Stephen King;Stanley Kubrick,Jack Nicholson;Shelley Duvall;Danny Lloyd,8.4,"745,527"
Django Unchained ,2h 45min,Drama;Western,Quentin Tarantino,Quentin Tarantino,Jamie Foxx;Christoph Waltz;Leonardo DiCaprio,8.4,"1,160,210"
WALL·E ,1h 38min,Animation;Adventure;Family,Andrew Stanton,Andrew Stanton;Pete Docter,Ben Burtt;Elissa Knight;Jeff Garlin,8.4,"869,541"
Mononoke-hime ,2h 14min,Animation;Adventure;Fantasy,Hayao Miyazaki,Hayao Miyazaki;Neil Gaiman,Yôji Matsuda;Yuriko Ishida;Yûko Tanaka,8.4,"280,732"
Witness for the Prosecution ,1h 56min,Crime;Drama;Mystery,Billy Wilder,Agatha Christie;Billy Wilder,Tyrone Power;Marlene Dietrich;Charles Laughton,8.4,"86,229"
American Beauty ,2h 2min,Drama,Sam Mendes,Alan Ball,Kevin Spacey;Annette Bening;Thora Birch,8.4,"960,015"
The Dark Knight Rises ,2h 44min,Action;Thriller,Christopher Nolan,Jonathan Nolan;Christopher Nolan,Christian Bale;Tom Hardy;Anne Hathaway,8.4,"1,338,897"
Oldeuboi ,2h,Action;Drama;Mystery,Chan-wook Park,Garon Tsuchiya;Nobuaki Minegishi,Min-sik Choi;Ji-tae Yu;Hye-jeong Kang,8.4,"438,973"
Aliens ,2h 17min,Action;Adventure;Sci-Fi,James Cameron,James Cameron;David Giler,Sigourney Weaver;Michael Biehn;Carrie Henn,8.4,"580,504"
Coco ,1h 45min,Animation;Adventure;Comedy,Lee Unkrich;Adrian Molina,Lee Unkrich;Jason Katz,Anthony Gonzalez;Gael García Bernal;Benjamin Bratt,8.4,"231,181"
Once Upon a Time in America ,3h 49min,Crime;Drama,Sergio Leone,Harry Grey;Leonardo Benvenuti,Robert De Niro;James Woods;Elizabeth McGovern,8.4,"265,678"
Das Boot ,2h 29min,Adventure;Drama;Thriller,Wolfgang Petersen,Wolfgang Petersen;Lothar G. Buchheim,Jürgen Prochnow;Herbert Grönemeyer;Klaus Wennemann,8.4,"200,873"
Citizen Kane ,1h 59min,Drama;Mystery,Orson Welles,Herman J. Mankiewicz;Orson Welles,Orson Welles;Joseph Cotten;Dorothy Comingore,8.4,"351,474"
Braveheart ,2h 58min,Biography;Drama;History,Mel Gibson,Randall Wallace,Mel Gibson;Sophie Marceau;Patrick McGoohan,8.4,"864,654"
Vertigo ,2h 8min,Mystery;Romance;Thriller,Alfred Hitchcock,Alec Coppel;Samuel A. Taylor,James Stewart;Kim Novak;Barbara Bel Geddes,8.3,"306,654"
North by Northwest ,2h 16min,Adventure;Mystery;Thriller,Alfred Hitchcock,Ernest Lehman,Cary Grant;Eva Marie Saint;James Mason,8.3,"261,646"
Reservoir Dogs ,1h 39min,Crime;Drama;Thriller,Quentin Tarantino,Quentin Tarantino;Quentin Tarantino,Harvey Keitel;Tim Roth;Michael Madsen,8.3,"791,642"
Star Wars: Episode VI - Return of the Jedi ,2h 11min,Action;Adventure;Fantasy,Richard Marquand,Lawrence Kasdan;George Lucas,Mark Hamill;Harrison Ford;Carrie Fisher,8.3,"829,575"
Kimi no na wa. ,1h 46min,Animation;Drama;Fantasy,Makoto Shinkai,Makoto Shinkai;Makoto Shinkai,Ryûnosuke Kamiki;Mone Kamishiraishi;Ryô Narita,8.4,"112,116"
M - Eine Stadt sucht einen Mörder ,1h 57min,Crime;Mystery;Thriller,Fritz Lang,Thea von Harbou;Fritz Lang,Peter Lorre;Ellen Widmann;Inge Landgut,8.3,"121,946"
Dangal ,2h 41min,Action;Biography;Drama,Nitesh Tiwari,Piyush Gupta;Shreyas Jain,Aamir Khan;Sakshi Tanwar;Fatima Sana Shaikh,8.5,"107,692"
Requiem for a Dream ,1h 42min,Drama,Darren Aronofsky,Hubert Selby Jr.;Hubert Selby Jr.,Ellen Burstyn;Jared Leto;Jennifer Connelly,8.3,"676,718"
Amadeus ,2h 40min,Biography;Drama;History,Milos Forman,Peter Shaffer;Peter Shaffer,F. Murray Abraham;Tom Hulce;Elizabeth Berridge,8.3,"324,325"
Taare Zameen Par ,2h 45min,Drama;Family,Aamir Khan;Amole Gupte,Amole Gupte;Amole Gupte,Darsheel Safary;Aamir Khan;Tisca Chopra,8.4,"131,326"
Lawrence of Arabia ,3h 36min,Adventure;Biography;Drama,David Lean,T.E. Lawrence;Robert Bolt,Peter O'Toole;Alec Guinness;Anthony Quinn,8.3,"232,645"
Eternal Sunshine of the Spotless Mind ,1h 48min,Drama;Romance;Sci-Fi,Michel Gondry,Charlie Kaufman;Michel Gondry,Jim Carrey;Kate Winslet;Tom Wilkinson,8.3,"793,854"
A Clockwork Orange ,2h 16min,Crime;Drama;Sci-Fi,Stanley Kubrick,Stanley Kubrick;Anthony Burgess,Malcolm McDowell;Patrick Magee;Michael Bates,8.3,"663,016"
Amélie ,2h 2min,Comedy;Romance,Jean-Pierre Jeunet,Guillaume Laurant;Jean-Pierre Jeunet,Audrey Tautou;Mathieu Kassovitz;Rufus,8.3,"630,729"
3 Idiots ,2h 50min,Comedy;Drama,Rajkumar Hirani,Rajkumar Hirani;Abhijat Joshi,Aamir Khan;Madhavan;Mona Singh,8.4,"284,469"
Double Indemnity ,1h 47min,Crime;Drama;Film-Noir,Billy Wilder,Billy Wilder;Raymond Chandler,Fred MacMurray;Barbara Stanwyck;Edward G. Robinson,8.3,"121,606"
2001: A Space Odyssey ,2h 29min,Adventure;Sci-Fi,Stanley Kubrick,Stanley Kubrick;Arthur C. Clarke,Keir Dullea;Gary Lockwood;William Sylvester,8.3,"519,676"
Toy Story ,1h 21min,Animation;Adventure;Comedy,John Lasseter,John Lasseter;Pete Docter,Tom Hanks;Tim Allen;Don Rickles,8.3,"757,080"
Taxi Driver ,1h 54min,Crime;Drama,Martin Scorsese,Paul Schrader,Robert De Niro;Jodie Foster;Cybill Shepherd,8.3,"611,438"
Singin' in the Rain ,1h 43min,Comedy;Musical;Romance,Stanley Donen;Gene Kelly,Betty Comden;Adolph Green,Gene Kelly;Donald O'Connor;Debbie Reynolds,8.3,"187,805"
Full Metal Jacket ,1h 56min,Drama;War,Stanley Kubrick,Stanley Kubrick;Michael Herr,Matthew Modine;R. Lee Ermey;Vincent D'Onofrio,8.3,"585,204"
Inglourious Basterds ,2h 33min,Adventure;Drama;War,Quentin Tarantino;Eli Roth,Quentin Tarantino,Brad Pitt;Diane Kruger;Eli Roth,8.3,"1,072,552"
To Kill a Mockingbird ,2h 9min,Crime;Drama,Robert Mulligan,Harper Lee;Horton Foote,Gregory Peck;John Megna;Frank Overton,8.3,"262,157"
Ladri di biciclette ,1h 29min,Drama,Vittorio De Sica,Cesare Zavattini;Luigi Bartolini,Lamberto Maggiorani;Enzo Staiola;Lianella Carell,8.3,"120,247"
The Kid ,1h 8min,Comedy;Drama;Family,Charles Chaplin,Charles Chaplin,Charles Chaplin;Edna Purviance;Jackie Coogan,8.3,"90,928"
The Sting ,2h 9min,Comedy;Crime;Drama,George Roy Hill,David S. Ward,Paul Newman;Robert Redford;Robert Shaw,8.3,"211,173"
Toy Story 3 ,1h 43min,Animation;Adventure;Comedy,Lee Unkrich,John Lasseter;Andrew Stanton,Tom Hanks;Tim Allen;Joan Cusack,8.3,"653,894"
Good Will Hunting ,2h 6min,Drama;Romance,Gus Van Sant,Matt Damon;Ben Affleck,Robin Williams;Matt Damon;Ben Affleck,8.3,"735,711"
Jagten ,1h 55min,Drama,Thomas Vinterberg,Tobias Lindholm;Thomas Vinterberg,Mads Mikkelsen;Thomas Bo Larsen;Annika Wedderkopp,8.3,"228,764"
Snatch ,1h 44min,Comedy;Crime,Guy Ritchie,Guy Ritchie,Jason Statham;Brad Pitt;Benicio Del Toro,8.3,"696,376"
Monty Python and the Holy Grail ,1h 31min,Adventure;Comedy;Fantasy,Terry Gilliam;Terry Jones,Graham Chapman;John Cleese,Graham Chapman;John Cleese;Eric Idle,8.3,"444,994"
Scarface ,2h 50min,Crime;Drama,Brian De Palma,Oliver Stone,Al Pacino;Michelle Pfeiffer;Steven Bauer,8.3,"638,832"
Per qualche dollaro in più ,2h 12min,Western,Sergio Leone,Sergio Leone;Fulvio Morsella,Clint Eastwood;Lee Van Cleef;Gian Maria Volontè,8.3,"195,833"
The Apartment ,2h 5min,Comedy;Drama;Romance,Billy Wilder,Billy Wilder;I.A.L. Diamond,Jack Lemmon;Shirley MacLaine;Fred MacMurray,8.3,"136,601"
L.A. Confidential ,2h 18min,Crime;Drama;Mystery,Curtis Hanson,James Ellroy;Brian Helgeland,Kevin Spacey;Russell Crowe;Guy Pearce,8.3,"478,832"
Metropolis ,2h 33min,Drama;Sci-Fi,Fritz Lang,Thea von Harbou;Thea von Harbou,Brigitte Helm;Alfred Abel;Gustav Fröhlich,8.3,"137,158"
Jodaeiye Nader az Simin ,2h 3min,Crime;Drama;Family,Asghar Farhadi,Asghar Farhadi,Payman Maadi;Leila Hatami;Sareh Bayat,8.3,"187,453"
Indiana Jones and the Last Crusade ,2h 7min,Action;Adventure;Fantasy,Steven Spielberg,Jeffrey Boam;George Lucas,Harrison Ford;Sean Connery;Alison Doody,8.3,"609,688"
Rashômon ,1h 28min,Crime;Drama;Mystery,Akira Kurosawa,Ryûnosuke Akutagawa;Akira Kurosawa,Toshirô Mifune;Machiko Kyô;Masayuki Mori,8.3,"127,953"
Up ,1h 36min,Animation;Adventure;Comedy,Pete Docter;Bob Peterson,Pete Docter;Bob Peterson,Edward Asner;Jordan Nagai;John Ratzenberger,8.3,"809,062"
All About Eve ,2h 18min,Drama,Joseph L. Mankiewicz,Joseph L. Mankiewicz,Bette Davis;Anne Baxter;George Sanders,8.3,"103,020"
Yôjinbô ,1h 50min,Action;Drama;Thriller,Akira Kurosawa,Akira Kurosawa;Akira Kurosawa,Toshirô Mifune;Eijirô Tôno;Tatsuya Nakadai,8.3,"92,566"
Batman Begins ,2h 20min,Action;Adventure;Thriller,Christopher Nolan,Bob Kane;David S. Goyer,Christian Bale;Michael Caine;Ken Watanabe,8.3,"1,151,243"
Some Like It Hot ,2h 1min,Comedy;Romance,Billy Wilder,Billy Wilder;I.A.L. Diamond,Marilyn Monroe;Tony Curtis;Jack Lemmon,8.3,"211,286"
Unforgiven ,2h 10min,Drama;Western,Clint Eastwood,David Webb Peoples,Clint Eastwood;Gene Hackman;Morgan Freeman,8.2,"328,764"
Der Untergang ,2h 36min,Biography;Drama;History,Oliver Hirschbiegel,Bernd Eichinger;Joachim Fest,Bruno Ganz;Alexandra Maria Lara;Ulrich Matthes,8.2,"294,381"
The Treasure of the Sierra Madre ,2h 6min,Adventure;Drama;Western,John Huston,John Huston;B. Traven,Humphrey Bogart;Walter Huston;Tim Holt,8.3,"97,749"
Die Hard ,2h 12min,Action;Thriller,John McTiernan,Roderick Thorp;Jeb Stuart,Bruce Willis;Alan Rickman;Bonnie Bedelia,8.2,"693,712"
Heat ,2h 50min,Crime;Drama;Thriller,Michael Mann,Michael Mann,Al Pacino;Robert De Niro;Val Kilmer,8.2,"506,714"
Ikiru ,2h 23min,Drama,Akira Kurosawa,Akira Kurosawa;Shinobu Hashimoto,Takashi Shimura;Nobuo Kaneko;Shin'ichi Himori,8.3,"55,742"
Raging Bull ,2h 9min,Biography;Drama;Sport,Martin Scorsese,Jake LaMotta;Joseph Carter,Robert De Niro;Cathy Moriarty;Joe Pesci,8.2,"277,727"
Incendies ,2h 11min,Drama;Mystery;War,Denis Villeneuve,Denis Villeneuve;Wajdi Mouawad,Lubna Azabal;Mélissa Désormeaux-Poulin;Maxim Gaudette,8.2,"116,082"
The Great Escape ,2h 52min,Adventure;Drama;History,John Sturges,Paul Brickhill;James Clavell,Steve McQueen;James Garner;Richard Attenborough,8.2,"198,230"
Babam ve Oglum ,1h 48min,Drama;Family,Çagan Irmak,Çagan Irmak,Çetin Tekindor;Fikret Kuskan;Hümeyra,8.4,"61,558"
Bacheha-Ye aseman ,1h 29min,Drama;Family,Majid Majidi,Majid Majidi,Mohammad Amir Naji;Amir Farrokh Hashemian;Bahare Seddiqi,8.3,"47,628"
Pan's Labyrinth ,1h 58min,Drama;Fantasy;War,Guillermo del Toro,Guillermo del Toro,Ivana Baquero;Ariadna Gil;Sergi López,8.2,"553,210"
Chinatown ,2h 10min,Drama;Mystery;Thriller,Roman Polanski,Robert Towne,Jack Nicholson;Faye Dunaway;John Huston,8.2,"256,679"
The Third Man ,1h 44min,Film-Noir;Mystery;Thriller,Carol Reed,Graham Greene;Graham Greene,Orson Welles;Joseph Cotten;Alida Valli,8.2,"138,111"
Tonari no Totoro ,1h 26min,Animation;Family;Fantasy,Hayao Miyazaki,Hayao Miyazaki,Hitoshi Takagi;Noriko Hidaka;Chika Sakamoto,8.2,"226,256"
Ran ,2h 42min,Action;Drama,Akira Kurosawa,Akira Kurosawa;Hideo Oguni,Tatsuya Nakadai;Akira Terao;Jinpachi Nezu,8.2,"95,692"
Hauru no ugoku shiro ,1h 59min,Animation;Adventure;Family,Hayao Miyazaki,Hayao Miyazaki;Diana Wynne Jones,Chieko Baishô;Takuya Kimura;Tatsuya Gashûin,8.2,"269,722"
Oordeel te Neurenberg ,3h 6min,Drama;War,Stanley Kramer,Abby Mann;Abby Mann,Spencer Tracy;Burt Lancaster;Richard Widmark,8.2,"58,731"
El secreto de sus ojos ,2h 9min,Drama;Mystery;Romance,Juan José Campanella,Eduardo Sacheri;Juan José Campanella,Ricardo Darín;Soledad Villamil;Pablo Rago,8.2,"166,034"
The Gold Rush ,1h 35min,Adventure;Comedy;Drama,Charles Chaplin,Charles Chaplin,Charles Chaplin;Mack Swain;Tom Murray,8.2,"85,482"
The Bridge on the River Kwai ,2h 41min,Adventure;Drama;War,David Lean,Pierre Boulle;Carl Foreman,William Holden;Alec Guinness;Jack Hawkins,8.2,"179,946"
Bohemian Rhapsody ,2h 14min,Biography;Drama;Music,Bryan Singer,Anthony McCarten;Peter Morgan,Rami Malek;Lucy Boynton;Gwilym Lee,8.4,"53,524"
"Three Billboards Outside Ebbing, Missouri ",1h 55min,Comedy;Crime;Drama,Martin McDonagh,Martin McDonagh,Frances McDormand;Woody Harrelson;Sam Rockwell,8.2,"290,468"
A Beautiful Mind ,2h 15min,Biography;Drama,Ron Howard,Akiva Goldsman;Sylvia Nasar,Russell Crowe;Ed Harris;Jennifer Connelly,8.2,"741,217"
"Lock, Stock and Two Smoking Barrels ",1h 47min,Comedy;Crime,Guy Ritchie,Guy Ritchie,Jason Flemyng;Dexter Fletcher;Nick Moran,8.2,"479,057"
On the Waterfront ,1h 48min,Crime;Drama;Thriller,Elia Kazan,Budd Schulberg;Budd Schulberg,Marlon Brando;Karl Malden;Lee J. Cobb,8.2,"124,019"
Casino ,2h 58min,Crime;Drama,Martin Scorsese,Nicholas Pileggi;Nicholas Pileggi,Robert De Niro;Sharon Stone;Joe Pesci,8.2,"399,141"
Det sjunde inseglet ,1h 36min,Drama;Fantasy,Ingmar Bergman,Ingmar Bergman;Ingmar Bergman,Max von Sydow;Gunnar Björnstrand;Bengt Ekerot,8.2,"137,359"
Inside Out ,1h 35min,Animation;Adventure;Comedy,Pete Docter;Ronnie Del Carmen,Pete Docter;Ronnie Del Carmen,Amy Poehler;Bill Hader;Lewis Black,8.2,"504,436"
The Elephant Man ,2h 4min,Biography;Drama,David Lynch,Christopher De Vore;Eric Bergren,Anthony Hopkins;John Hurt;Anne Bancroft,8.2,"193,784"
Room ,1h 58min,Drama;Thriller,Lenny Abrahamson,Emma Donoghue;Emma Donoghue,Brie Larson;Jacob Tremblay;Sean Bridgers,8.2,"291,277"
Mr. Smith Goes to Washington ,2h 9min,Comedy;Drama,Frank Capra,Sidney Buchman;Lewis R. Foster,James Stewart;Jean Arthur;Claude Rains,8.2,"94,686"
The Wolf of Wall Street ,3h,Biography;Comedy;Crime,Martin Scorsese,Terence Winter;Jordan Belfort,Leonardo DiCaprio;Jonah Hill;Margot Robbie,8.2,"983,932"
V for Vendetta ,2h 12min,Action;Drama;Sci-Fi,James McTeigue,Lilly Wachowski;Lana Wachowski,Hugo Weaving;Natalie Portman;Rupert Graves,8.2,"924,588"
Warrior ,2h 20min,Drama;Sport,Gavin O'Connor,Gavin O'Connor;Anthony Tambakis,Tom Hardy;Nick Nolte;Joel Edgerton,8.2,"392,144"
Blade Runner ,1h 57min,Sci-Fi;Thriller,Ridley Scott,Hampton Fancher;David Webb Peoples,Harrison Ford;Rutger Hauer;Sean Young,8.2,"604,077"
The General ,1h 7min,Action;Adventure;Comedy,Clyde Bruckman;Buster Keaton,Buster Keaton;Clyde Bruckman,Buster Keaton;Marion Mack;Glen Cavender,8.2,"68,488"
Smultronstället ,1h 31min,Drama;Romance,Ingmar Bergman,Ingmar Bergman,Victor Sjöström;Bibi Andersson;Ingrid Thulin,8.2,"80,141"
Dial M for Murder ,1h 45min,Crime;Thriller,Alfred Hitchcock,Frederick Knott;Frederick Knott,Ray Milland;Grace Kelly;Robert Cummings,8.2,"134,856"
Trainspotting ,1h 33min,Drama,Danny Boyle,Irvine Welsh;John Hodge,Ewan McGregor;Ewen Bremner;Jonny Lee Miller,8.2,"570,885"
No Country for Old Men ,2h 2min,Crime;Drama;Thriller,Ethan Coen;Joel Coen,Joel Coen;Ethan Coen,Tommy Lee Jones;Javier Bardem;Josh Brolin,8.1,"736,686"
There Will Be Blood ,2h 38min,Drama,Paul Thomas Anderson,Paul Thomas Anderson;Upton Sinclair,Daniel Day-Lewis;Paul Dano;Ciarán Hinds,8.1,"447,189"
The Sixth Sense ,1h 47min,Drama;Mystery;Thriller,M. Night Shyamalan,M. Night Shyamalan,Bruce Willis;Haley Joel Osment;Toni Collette,8.1,"817,869"
Gone with the Wind ,3h 58min,Drama;History;Romance,Victor Fleming;George Cukor,Margaret Mitchell;Sidney Howard,Clark Gable;Vivien Leigh;Thomas Mitchell,8.2,"255,544"
The Thing ,1h 49min,Horror;Mystery;Sci-Fi,John Carpenter,Bill Lancaster;John W. Campbell Jr.,Kurt Russell;Wilford Brimley;Keith David,8.1,"317,785"
Fargo ,1h 38min,Crime;Drama;Thriller,Joel Coen;Ethan Coen,Ethan Coen;Joel Coen,William H. Macy;Frances McDormand;Steve Buscemi,8.1,"541,746"
Gran Torino ,1h 56min,Drama,Clint Eastwood,Nick Schenk;Dave Johannson,Clint Eastwood;Bee Vang;Christopher Carley,8.1,"650,780"
The Deer Hunter ,3h 3min,Drama;War,Michael Cimino,Michael Cimino;Deric Washburn,Robert De Niro;Christopher Walken;John Cazale,8.1,"275,531"
Finding Nemo ,1h 40min,Animation;Adventure;Comedy,Andrew Stanton;Lee Unkrich,Andrew Stanton;Andrew Stanton,Albert Brooks;Ellen DeGeneres;Alexander Gould,8.1,"833,970"
Idi i smotri ,2h 22min,Drama;War,Elem Klimov,Ales Adamovich;Ales Adamovich,Aleksey Kravchenko;Olga Mironova;Liubomiras Laucevicius,8.2,"40,325"
Sherlock Jr. ,45min,Action;Comedy;Romance,Buster Keaton,Jean C. Havez;Joseph A. Mitchell,Buster Keaton;Kathryn McGuire;Joe Keaton,8.2,"30,009"
The Big Lebowski ,1h 57min,Comedy;Crime,Joel Coen;Ethan Coen,Ethan Coen;Joel Coen,Jeff Bridges;John Goodman;Julianne Moore,8.1,"636,927"
Kill Bill: Vol. 1 ,1h 51min,Action;Crime;Thriller,Quentin Tarantino,Quentin Tarantino;Quentin Tarantino,Uma Thurman;David Carradine;Daryl Hannah,8.1,"870,443"
Shutter Island ,2h 18min,Mystery;Thriller,Martin Scorsese,Laeta Kalogridis;Dennis Lehane,Leonardo DiCaprio;Emily Mortimer;Mark Ruffalo,8.1,"962,226"
Cool Hand Luke ,2h 6min,Crime;Drama,Stuart Rosenberg,Donn Pearce;Frank Pierson,Paul Newman;George Kennedy;Strother Martin,8.1,"142,938"
Rebecca ,2h 10min,Drama;Mystery;Romance,Alfred Hitchcock,Daphne Du Maurier;Robert E. Sherwood,Laurence Olivier;Joan Fontaine;George Sanders,8.1,"106,997"
Tôkyô monogatari ,2h 16min,Drama,Yasujirô Ozu,Kôgo Noda;Yasujirô Ozu,Chishû Ryû;Chieko Higashiyama;Sô Yamamura,8.2,"40,909"
Mary and Max ,1h 32min,Animation;Comedy;Drama,Adam Elliot,Adam Elliot,Toni Collette;Philip Seymour Hoffman;Eric Bana,8.1,"145,915"
Hacksaw Ridge ,2h 19min,Biography;Drama;History,Mel Gibson,Robert Schenkkan;Andrew Knight,Andrew Garfield;Sam Worthington;Luke Bracey,8.1,"339,721"
Sunrise: A Song of Two Humans ,1h 34min,Drama;Romance,F.W. Murnau,Carl Mayer;Hermann Sudermann,George O'Brien;Janet Gaynor;Margaret Livingston,8.2,"41,161"
Gone Girl ,2h 29min,Crime;Drama;Mystery,David Fincher,Gillian Flynn;Gillian Flynn,Ben Affleck;Rosamund Pike;Neil Patrick Harris,8.1,"726,133"
Hoe tem je een draak ,1h 38min,Animation;Action;Adventure,Dean DeBlois;Chris Sanders,William Davies;Dean DeBlois,Jay Baruchel;Gerard Butler;Christopher Mintz-Plasse,8.1,"583,240"
Relatos salvajes ,2h 2min,Comedy;Drama;Thriller,Damián Szifron,Germán Servidio;Damián Szifron,Darío Grandinetti;María Marull;Mónica Villa,8.1,"141,630"
Jurassic Park ,2h 7min,Adventure;Sci-Fi;Thriller,Steven Spielberg,Michael Crichton;Michael Crichton,Sam Neill;Laura Dern;Jeff Goldblum,8.1,"751,509"
A Star Is Born ,2h 16min,Drama;Music;Romance,Bradley Cooper,Eric Roth;Bradley Cooper,Lady Gaga;Bradley Cooper;Sam Elliott,8.3,"83,777"
Into the Wild ,2h 28min,Adventure;Biography;Drama,Sean Penn,Sean Penn;Jon Krakauer,Emile Hirsch;Vince Vaughn;Catherine Keener,8.1,"508,802"
Life of Brian ,1h 34min,Comedy,Terry Jones,Graham Chapman;John Cleese,Graham Chapman;John Cleese;Michael Palin,8.1,"321,926"
Eskiya ,2h 8min,Crime;Drama;Thriller,Yavuz Turgul,Yavuz Turgul,Sener Sen;Ugur Yücel;Sermin Hürmeriç,8.3,"52,496"
Het gebeurde op 'n avond ,1h 45min,Comedy;Romance,Frank Capra,Robert Riskin;Samuel Hopkins Adams,Clark Gable;Claudette Colbert;Walter Connolly,8.1,"81,715"
In the Name of the Father ,2h 13min,Biography;Drama,Jim Sheridan,Gerry Conlon;Terry George,Daniel Day-Lewis;Pete Postlethwaite;Alison Crosbie,8.1,"136,291"
Platoon ,2h,Drama;War,Oliver Stone,Oliver Stone,Charlie Sheen;Tom Berenger;Willem Dafoe,8.1,"341,175"
The Grand Budapest Hotel ,1h 39min,Adventure;Comedy;Drama,Wes Anderson,Stefan Zweig;Wes Anderson,Ralph Fiennes;F. Murray Abraham;Mathieu Amalric,8.1,"606,549"
Stand by Me ,1h 29min,Adventure;Drama,Rob Reiner,Stephen King;Raynold Gideon,Wil Wheaton;River Phoenix;Corey Feldman,8.1,"323,475"
The Truman Show ,1h 43min,Comedy;Drama;Sci-Fi,Peter Weir,Andrew Niccol,Jim Carrey;Ed Harris;Laura Linney,8.1,"804,221"
Network ,2h 1min,Drama,Sidney Lumet,Paddy Chayefsky,Faye Dunaway;William Holden;Peter Finch,8.1,"126,403"
Stalker ,2h 42min,Drama;Sci-Fi,Andrei Tarkovsky,Arkadiy Strugatskiy;Boris Strugatskiy,Alisa Freyndlikh;Aleksandr Kaydanovskiy;Anatoliy Solonitsyn,8.1,"92,650"
Hotel Rwanda ,2h 1min,Biography;Drama;History,Terry George,Keir Pearson;Terry George,Don Cheadle;Sophie Okonedo;Joaquin Phoenix,8.1,"305,557"
Ben Hur ,3h 32min,Adventure;Drama;History,William Wyler,Lew Wallace;Karl Tunberg,Charlton Heston;Jack Hawkins;Stephen Boyd,8.1,"195,019"
Persona ,1h 25min,Drama;Thriller,Ingmar Bergman,Ingmar Bergman,Bibi Andersson;Liv Ullmann;Margaretha Krook,8.1,"82,386"
Salinui chueok ,2h 11min,Action;Crime;Drama,Joon-ho Bong,Joon-ho Bong;Kwang-rim Kim,Kang-ho Song;Sang-kyung Kim;Roe-ha Kim,8.1,"94,484"
12 Years a Slave ,2h 14min,Biography;Drama;History,Steve McQueen,John Ridley;Solomon Northup,Chiwetel Ejiofor;Michael Kenneth Williams;Michael Fassbender,8.1,"553,899"
Andrei Rublev ,3h 25min,Biography;Drama;History,Andrei Tarkovsky,Andrey Konchalovskiy;Andrei Tarkovsky,Anatoliy Solonitsyn;Ivan Lapikov;Nikolay Grinko,8.2,"36,419"
Million Dollar Baby ,2h 12min,Drama;Sport,Clint Eastwood,Paul Haggis;F.X. Toole,Hilary Swank;Clint Eastwood;Morgan Freeman,8.1,"568,648"
Le salaire de la peur ,2h 11min,Adventure;Drama;Thriller,Henri-Georges Clouzot,Georges Arnaud;Henri-Georges Clouzot,Yves Montand;Charles Vanel;Peter van Eyck,8.1,"46,381"
La passion de Jeanne d'Arc ,1h 50min,Biography;Drama;History,Carl Theodor Dreyer,Joseph Delteil;Carl Theodor Dreyer,Maria Falconetti;Eugene Silvain;André Berley,8.2,"38,497"
Rang De Basanti ,2h 37min,Comedy;Drama,Rakeysh Omprakash Mehra,Renzil D'Silva;Prasoon Joshi,Aamir Khan;Soha Ali Khan;Siddharth,8.2,"96,507"
Rush ,2h 3min,Action;Biography;Drama,Ron Howard,Peter Morgan,Daniel Brühl;Chris Hemsworth;Olivia Wilde,8.1,"379,678"
Mad Max: Fury Road ,2h,Action;Adventure;Sci-Fi,George Miller,George Miller;Brendan McCarthy,Tom Hardy;Charlize Theron;Nicholas Hoult,8.1,"742,315"
Before Sunrise ,1h 41min,Drama;Romance,Richard Linklater,Richard Linklater;Kim Krizan,Ethan Hawke;Julie Delpy;Andrea Eckert,8.1,"228,716"
Les quatre cents coups ,1h 39min,Crime;Drama,François Truffaut,François Truffaut;Marcel Moussy,Jean-Pierre Léaud;Albert Rémy;Claire Maurier,8.1,"88,643"
Spotlight ,2h 9min,Crime;Drama;History,Tom McCarthy,Josh Singer;Tom McCarthy,Mark Ruffalo;Michael Keaton;Rachel McAdams,8.1,"341,404"
Hachi: A Dog's Tale ,1h 33min,Drama;Family,Lasse Hallström,Stephen P. Lindsey;Kaneto Shindô,Richard Gere;Joan Allen;Cary-Hiroyuki Tagawa,8.1,"212,460"
Prisoners ,2h 33min,Crime;Drama;Mystery,Denis Villeneuve,Aaron Guzikowski,Hugh Jackman;Jake Gyllenhaal;Viola Davis,8.1,"502,301"
Logan ,2h 17min,Action;Drama;Sci-Fi,James Mangold,James Mangold;Scott Frank,Hugh Jackman;Patrick Stewart;Dafne Keen,8.1,"517,417"
Amores perros ,2h 34min,Drama;Thriller,Alejandro G. Iñárritu,Guillermo Arriaga,Emilio Echevarría;Gael García Bernal;Goya Toledo,8.1,"201,785"
The Princess Bride ,1h 38min,Adventure;Family;Fantasy,Rob Reiner,William Goldman;William Goldman,Cary Elwes;Mandy Patinkin;Robin Wright,8.1,"345,813"
Kaze no tani no Naushika ,1h 57min,Animation;Adventure;Fantasy,Hayao Miyazaki,Hayao Miyazaki;Hayao Miyazaki,Sumi Shimamoto;Mahito Tsujimura;Hisako Kyôda,8.1,"122,797"
Catch Me If You Can ,2h 21min,Biography;Crime;Drama,Steven Spielberg,Jeff Nathanson;Frank Abagnale Jr.,Leonardo DiCaprio;Tom Hanks;Christopher Walken,8.1,"681,291"
Butch Cassidy and the Sundance Kid ,1h 50min,Biography;Crime;Drama,George Roy Hill,William Goldman,Paul Newman;Robert Redford;Katharine Ross,8.1,"181,282"
Harry Potter and the Deathly Hallows: Part 2 ,2h 10min,Adventure;Drama;Fantasy,David Yates,Steve Kloves;J.K. Rowling,Daniel Radcliffe;Emma Watson;Rupert Grint,8.1,"663,285"
Rocky ,2h,Drama;Sport,John G. Avildsen,Sylvester Stallone,Sylvester Stallone;Talia Shire;Burt Young,8.1,"454,183"
Barry Lyndon ,3h 5min,Adventure;Drama;History,Stanley Kubrick,Stanley Kubrick;William Makepeace Thackeray,Ryan O'Neal;Marisa Berenson;Patrick Magee,8.1,"126,789"
"Monsters, Inc. ",1h 32min,Animation;Adventure;Comedy,Pete Docter;David Silverman,Pete Docter;Jill Culton,Billy Crystal;John Goodman;Mary Gibbs,8.1,"708,703"
The Grapes of Wrath ,2h 9min,Drama;History,John Ford,Nunnally Johnson;John Steinbeck,Henry Fonda;Jane Darwell;John Carradine,8.1,"78,419"
The Maltese Falcon ,1h 40min,Film-Noir;Mystery,John Huston,John Huston;Dashiell Hammett,Humphrey Bogart;Mary Astor;Gladys George,8.1,"136,310"
Donnie Darko ,1h 53min,Drama;Sci-Fi;Thriller,Richard Kelly,Richard Kelly,Jake Gyllenhaal;Jena Malone;Mary McDonnell,8.1,"678,753"
Demonen ,1h 57min,Crime;Drama;Horror,Henri-Georges Clouzot,Pierre Boileau;Thomas Narcejac,Simone Signoret;Véra Clouzot;Paul Meurisse,8.1,"54,437"
The Terminator ,1h 47min,Action;Sci-Fi,James Cameron,James Cameron;Gale Anne Hurd,Arnold Schwarzenegger;Linda Hamilton;Michael Biehn,8.0,"703,844"
Dead Poets Society ,2h 8min,Comedy;Drama,Peter Weir,Tom Schulman,Robin Williams;Robert Sean Leonard;Ethan Hawke,8.1,"348,775"
Gandhi ,3h 11min,Biography;Drama;History,Richard Attenborough,John Briley,Ben Kingsley;John Gielgud;Rohini Hattangadi,8.1,"201,899"
Sanjuro ,1h 36min,Action;Crime;Drama,Akira Kurosawa,Ryûzô Kikushima;Hideo Oguni,Toshirô Mifune;Tatsuya Nakadai;Keiju Kobayashi,8.2,"25,479"
La haine ,1h 38min,Crime;Drama,Mathieu Kassovitz,Mathieu Kassovitz,Vincent Cassel;Hubert Koundé;Saïd Taghmaoui,8.1,"127,542"
Groundhog Day ,1h 41min,Comedy;Fantasy;Romance,Harold Ramis,Danny Rubin;Harold Ramis,Bill Murray;Andie MacDowell;Chris Elliott,8.0,"523,269"
Le notti di Cabiria ,1h 50min,Drama,Federico Fellini,Federico Fellini;Ennio Flaiano,Giulietta Masina;François Périer;Franca Marzi,8.1,"37,093"
Blade Runner 2049 ,2h 44min,Drama;Mystery;Sci-Fi,Denis Villeneuve,Hampton Fancher;Michael Green,Harrison Ford;Ryan Gosling;Ana de Armas,8.0,"341,168"
La La Land ,2h 8min,Comedy;Drama;Music,Damien Chazelle,Damien Chazelle,Ryan Gosling;Emma Stone;Rosemarie DeWitt,8.1,"400,722"
The Wizard of Oz ,1h 42min,Adventure;Family;Fantasy,Victor Fleming;George Cukor,Noel Langley;Florence Ryerson,Judy Garland;Frank Morgan;Ray Bolger,8.0,"340,847"
Jaws ,2h 4min,Adventure;Drama;Thriller,Steven Spielberg,Peter Benchley;Carl Gottlieb,Roy Scheider;Robert Shaw;Richard Dreyfuss,8.0,"493,226"
The Help ,2h 26min,Drama,Tate Taylor,Tate Taylor;Kathryn Stockett,Emma Stone;Viola Davis;Octavia Spencer,8.1,"379,691"
Faa yeung nin wa ,1h 38min,Drama;Romance,Kar-Wai Wong,Kar-Wai Wong,Tony Chiu-Wai Leung;Maggie Cheung;Ping Lam Siu,8.1,"100,377"
Paper Moon ,1h 42min,Comedy;Crime;Drama,Peter Bogdanovich,Joe David Brown;Alvin Sargent,Ryan O'Neal;Tatum O'Neal;Madeline Kahn,8.1,"35,884"
Gangs of Wasseypur ,5h 21min,Action;Comedy;Crime,Anurag Kashyap,Akhilesh Jaiswal;Anurag Kashyap,Manoj Bajpayee;Richa Chadha;Nawazuddin Siddiqui,8.2,"65,416"
Mandariinid ,1h 27min,Drama;War,Zaza Urushadze,Tatjana Mülbeier;Zaza Urushadze,Lembit Ulfsak;Elmo Nüganen;Giorgi Nakashidze,8.2,"30,591"
Before Sunset ,1h 20min,Drama;Romance,Richard Linklater,Richard Linklater;Julie Delpy,Ethan Hawke;Julie Delpy;Vernon Dobtcheff,8.1,"199,853"
Ah-ga-ssi ,2h 24min,Drama;Romance;Thriller,Chan-wook Park,Sarah Waters;Seo-kyeong Jeong,Min-hee Kim;Jung-woo Ha;Jin-Woong Cho,8.1,"68,698"
"Paris, Texas ",2h 25min,Drama,Wim Wenders,L.M. Kit Carson;Sam Shepard,Harry Dean Stanton;Nastassja Kinski;Dean Stockwell,8.1,"70,166"
Guardians of the Galaxy ,2h 1min,Action;Adventure;Comedy,James Gunn,James Gunn;Nicole Perlman,Chris Pratt;Vin Diesel;Bradley Cooper,8.1,"883,945"
The Bourne Ultimatum ,1h 55min,Action;Mystery;Thriller,Paul Greengrass,Tony Gilroy;Scott Z. Burns,Matt Damon;Edgar Ramírez;Joan Allen,8.0,"570,114"
Pirates of the Caribbean: The Curse of the Black Pearl ,2h 23min,Action;Adventure;Fantasy,Gore Verbinski,Ted Elliott;Terry Rossio,Johnny Depp;Geoffrey Rush;Orlando Bloom,8.0,"937,977"
A Wednesday ,1h 44min,Crime;Drama;Mystery,Neeraj Pandey,Neeraj Pandey;Neeraj Pandey,Anupam Kher;Naseeruddin Shah;Jimmy Sheirgill,8.2,"65,704"
De beste jaren van ons leven ,2h 50min,Drama;Romance;War,William Wyler,Robert E. Sherwood;MacKinlay Kantor,Myrna Loy;Dana Andrews;Fredric March,8.1,"51,509"
PK ,2h 33min,Comedy;Drama;Sci-Fi,Rajkumar Hirani,Rajkumar Hirani;Abhijat Joshi,Aamir Khan;Anushka Sharma;Sanjay Dutt,8.2,"129,389"
Tenkû no shiro Rapyuta ,2h 5min,Animation;Adventure;Fantasy,Hayao Miyazaki,Hayao Miyazaki,Anna Paquin;James Van Der Beek;Cloris Leachman,8.1,"121,682"
